{
    "individual_evaluations": {
        "logistic_regression": {
            "model_name": "logistic_regression",
            "train_metrics": {
                "accuracy": 0.7533368926855313,
                "precision": 0.5217580504786771,
                "recall": 0.806864064602961,
                "f1_score": 0.633720930232558,
                "confusion_matrix": {
                    "tn": 3034,
                    "fp": 1099,
                    "fn": 287,
                    "tp": 1199
                },
                "specificity": 0.7340914589886282,
                "sensitivity": 0.806864064602961,
                "roc_auc": 0.8491294179175002,
                "classification_report": {
                    "0": {
                        "precision": 0.9135802469135802,
                        "recall": 0.7340914589886282,
                        "f1-score": 0.8140595653340489,
                        "support": 4133.0
                    },
                    "1": {
                        "precision": 0.5217580504786771,
                        "recall": 0.806864064602961,
                        "f1-score": 0.633720930232558,
                        "support": 1486.0
                    },
                    "accuracy": 0.7533368926855313,
                    "macro avg": {
                        "precision": 0.7176691486961286,
                        "recall": 0.7704777617957945,
                        "f1-score": 0.7238902477833035,
                        "support": 5619.0
                    },
                    "weighted avg": {
                        "precision": 0.809959000445834,
                        "recall": 0.7533368926855313,
                        "f1-score": 0.7663672336449912,
                        "support": 5619.0
                    }
                }
            },
            "test_metrics": {
                "accuracy": 0.7388218594748048,
                "precision": 0.5051546391752577,
                "recall": 0.786096256684492,
                "f1_score": 0.6150627615062761,
                "confusion_matrix": {
                    "tn": 747,
                    "fp": 288,
                    "fn": 80,
                    "tp": 294
                },
                "specificity": 0.7217391304347827,
                "sensitivity": 0.786096256684492,
                "roc_auc": 0.8415794776408587,
                "classification_report": {
                    "0": {
                        "precision": 0.9032648125755743,
                        "recall": 0.7217391304347827,
                        "f1-score": 0.8023630504833513,
                        "support": 1035.0
                    },
                    "1": {
                        "precision": 0.5051546391752577,
                        "recall": 0.786096256684492,
                        "f1-score": 0.6150627615062761,
                        "support": 374.0
                    },
                    "accuracy": 0.7388218594748048,
                    "macro avg": {
                        "precision": 0.7042097258754161,
                        "recall": 0.7539176935596373,
                        "f1-score": 0.7087129059948137,
                        "support": 1409.0
                    },
                    "weighted avg": {
                        "precision": 0.79759184958642,
                        "recall": 0.7388218594748048,
                        "f1-score": 0.7526467211168316,
                        "support": 1409.0
                    }
                }
            },
            "threshold": 0.5,
            "meets_requirements": false
        },
        "random_forest": {
            "model_name": "random_forest",
            "train_metrics": {
                "accuracy": 0.8387613454351308,
                "precision": 0.6421568627450981,
                "recall": 0.8815612382234186,
                "f1_score": 0.7430516165626773,
                "confusion_matrix": {
                    "tn": 3403,
                    "fp": 730,
                    "fn": 176,
                    "tp": 1310
                },
                "specificity": 0.8233728526494072,
                "sensitivity": 0.8815612382234186,
                "roc_auc": 0.9288336434026232,
                "classification_report": {
                    "0": {
                        "precision": 0.9508242525845209,
                        "recall": 0.8233728526494072,
                        "f1-score": 0.8825207468879668,
                        "support": 4133.0
                    },
                    "1": {
                        "precision": 0.6421568627450981,
                        "recall": 0.8815612382234186,
                        "f1-score": 0.7430516165626773,
                        "support": 1486.0
                    },
                    "accuracy": 0.8387613454351308,
                    "macro avg": {
                        "precision": 0.7964905576648095,
                        "recall": 0.8524670454364129,
                        "f1-score": 0.812786181725322,
                        "support": 5619.0
                    },
                    "weighted avg": {
                        "precision": 0.8691941153178573,
                        "recall": 0.8387613454351308,
                        "f1-score": 0.8456367590496717,
                        "support": 5619.0
                    }
                }
            },
            "test_metrics": {
                "accuracy": 0.7700496806245565,
                "precision": 0.5482625482625483,
                "recall": 0.7593582887700535,
                "f1_score": 0.6367713004484304,
                "confusion_matrix": {
                    "tn": 801,
                    "fp": 234,
                    "fn": 90,
                    "tp": 284
                },
                "specificity": 0.7739130434782608,
                "sensitivity": 0.7593582887700535,
                "roc_auc": 0.8417318969748636,
                "classification_report": {
                    "0": {
                        "precision": 0.898989898989899,
                        "recall": 0.7739130434782608,
                        "f1-score": 0.8317757009345795,
                        "support": 1035.0
                    },
                    "1": {
                        "precision": 0.5482625482625483,
                        "recall": 0.7593582887700535,
                        "f1-score": 0.6367713004484304,
                        "support": 374.0
                    },
                    "accuracy": 0.7700496806245565,
                    "macro avg": {
                        "precision": 0.7236262236262236,
                        "recall": 0.7666356661241571,
                        "f1-score": 0.734273500691505,
                        "support": 1409.0
                    },
                    "weighted avg": {
                        "precision": 0.8058940656527598,
                        "recall": 0.7700496806245565,
                        "f1-score": 0.7800144193293136,
                        "support": 1409.0
                    }
                }
            },
            "threshold": 0.5,
            "meets_requirements": false
        },
        "xgboost": {
            "model_name": "xgboost",
            "train_metrics": {
                "accuracy": 0.8716853532657056,
                "precision": 0.8028503562945368,
                "recall": 0.6823687752355316,
                "f1_score": 0.737722808293925,
                "confusion_matrix": {
                    "tn": 3884,
                    "fp": 249,
                    "fn": 472,
                    "tp": 1014
                },
                "specificity": 0.9397532059037019,